<?xml version="1.0" encoding="UTF-8"?>
<project-private xmlns="http://www.netbeans.org/ns/project-private/1">
    <editor-bookmarks xmlns="http://www.netbeans.org/ns/editor-bookmarks/2" lastBookmarkId="0"/>
    <open-files xmlns="http://www.netbeans.org/ns/projectui-open-files/2">
        <group>
            <file>file:/E:/Java%20projects/BAIUST%20SADD/src/student/AddStudentGUI.java</file>
            <file>file:/E:/Java%20projects/BAIUST%20SADD/src/student/UpdateStudentPassword.java</file>
            <file>file:/E:/Java%20projects/BAIUST%20SADD/src/admin/LoginGUI.java</file>
            <file>file:/E:/Java%20projects/BAIUST%20SADD/src/messages/MessageModelClass.java</file>
            <file>file:/E:/Java%20projects/BAIUST%20SADD/src/student/StudentDBAdapter.java</file>
            <file>file:/E:/Java%20projects/BAIUST%20SADD/src/student/StudentInfo.java</file>
            <file>file:/E:/Java%20projects/BAIUST%20SADD/src/admin/AdminGUI.java</file>
            <file>file:/E:/Java%20projects/BAIUST%20SADD/src/schedule/ScheduleModelClass.java</file>
            <file>file:/E:/Java%20projects/BAIUST%20SADD/src/admin/CheckerGUI.java</file>
            <file>file:/E:/Java%20projects/BAIUST%20SADD/src/messages/AddMessageGUI.java</file>
            <file>file:/E:/Java%20projects/BAIUST%20SADD/src/student/StudentModelClass.java</file>
            <file>file:/E:/Java%20projects/BAIUST%20SADD/src/student/StudentGUI.java</file>
            <file>file:/E:/Java%20projects/BAIUST%20SADD/src/admin/AddNewAdminGUI.java</file>
            <file>file:/E:/Java%20projects/BAIUST%20SADD/src/student/AddStudentMessage.java</file>
            <file>file:/E:/Java%20projects/BAIUST%20SADD/src/admin/ModifyAdminGUI.java</file>
            <file>file:/E:/Java%20projects/BAIUST%20SADD/src/Login.java</file>
            <file>file:/E:/Java%20projects/BAIUST%20SADD/src/messages/MessageDBAdapter.java</file>
            <file>file:/E:/Java%20projects/BAIUST%20SADD/src/messages/ViewMessageList.java</file>
        </group>
    </open-files>
</project-private>
